{
    "total_pipeline_operations": [
        "scaling",
        "poly_features",
        "rfr"
    ],
    "depth": 3,
    "nodes": [
        {
            "operation_id": 2,
            "operation_type": "scaling",
            "operation_name": "ScalingImplementation",
            "custom_params": {},
            "params": {},
            "nodes_from": [],
            "fitted_operation_path": [
                "fitted_operations",
                "operation_2.pkl"
            ],
            "rating": null
        },
        {
            "operation_id": 1,
            "operation_type": "poly_features",
            "operation_name": "PolyFeaturesImplementation",
            "custom_params": {
                "degree": 4,
                "interaction_only": true
            },
            "params": {
                "degree": 4,
                "interaction_only": true
            },
            "nodes_from": [
                2
            ],
            "fitted_operation_path": [
                "fitted_operations",
                "operation_1.pkl"
            ],
            "rating": null
        },
        {
            "operation_id": 0,
            "operation_type": "rfr",
            "operation_name": "RandomForestRegressor",
            "custom_params": {
                "n_jobs": -1,
                "bootstrap": true,
                "max_features": 0.7882899435041948,
                "min_samples_leaf": 12,
                "min_samples_split": 20
            },
            "params": {
                "n_jobs": -1,
                "bootstrap": true,
                "max_features": 0.7882899435041948,
                "min_samples_leaf": 12,
                "min_samples_split": 20
            },
            "nodes_from": [
                1
            ],
            "fitted_operation_path": [
                "fitted_operations",
                "operation_0.pkl"
            ],
            "rating": null
        }
    ],
    "preprocessing": [
        "preprocessing",
        "data_preprocessor.pkl"
    ],
    "descriptive_id": "((/n_scaling;)/n_poly_features_{'degree': 4, 'interaction_only': True};)/n_rfr_{'n_jobs': -1, 'bootstrap': True, 'max_features': 0.7882899435041948, 'min_samples_leaf': 12, 'min_samples_split': 20}"
}