{
    "total_pipeline_operations": [
        "scaling",
        "rfr"
    ],
    "depth": 2,
    "nodes": [
        {
            "operation_id": 1,
            "operation_type": "scaling",
            "operation_name": "ScalingImplementation",
            "custom_params": {},
            "params": {},
            "nodes_from": [],
            "fitted_operation_path": [
                "fitted_operations",
                "operation_1.pkl"
            ],
            "rating": null
        },
        {
            "operation_id": 0,
            "operation_type": "rfr",
            "operation_name": "RandomForestRegressor",
            "custom_params": {
                "n_jobs": -1,
                "max_features": 0.3030319098130757,
                "min_samples_split": 11,
                "min_samples_leaf": 5,
                "bootstrap": false
            },
            "params": {
                "n_jobs": -1,
                "max_features": 0.3030319098130757,
                "min_samples_split": 11,
                "min_samples_leaf": 5,
                "bootstrap": false
            },
            "nodes_from": [
                1
            ],
            "fitted_operation_path": [
                "fitted_operations",
                "operation_0.pkl"
            ],
            "rating": null
        }
    ],
    "preprocessing": [
        "preprocessing",
        "data_preprocessor.pkl"
    ],
    "descriptive_id": "(/n_scaling;)/n_rfr_{'n_jobs': -1, 'max_features': 0.3030319098130757, 'min_samples_split': 11, 'min_samples_leaf': 5, 'bootstrap': False}"
}