{
    "total_pipeline_operations": [
        "scaling",
        "svr",
        "rfr"
    ],
    "depth": 3,
    "nodes": [
        {
            "operation_id": 2,
            "operation_type": "scaling",
            "operation_name": "ScalingImplementation",
            "custom_params": {},
            "params": {},
            "nodes_from": [],
            "fitted_operation_path": [
                "fitted_operations",
                "operation_2.pkl"
            ],
            "rating": null
        },
        {
            "operation_id": 1,
            "operation_type": "svr",
            "operation_name": "LinearSVR",
            "custom_params": {},
            "params": {},
            "nodes_from": [
                2
            ],
            "fitted_operation_path": [
                "fitted_operations",
                "operation_1.pkl"
            ],
            "rating": null
        },
        {
            "operation_id": 0,
            "operation_type": "rfr",
            "operation_name": "RandomForestRegressor",
            "custom_params": {
                "n_jobs": -1
            },
            "params": {
                "n_jobs": -1
            },
            "nodes_from": [
                1
            ],
            "fitted_operation_path": [
                "fitted_operations",
                "operation_0.pkl"
            ],
            "rating": null
        }
    ],
    "preprocessing": [
        "preprocessing",
        "data_preprocessor.pkl"
    ],
    "descriptive_id": "((/n_scaling;)/n_svr;)/n_rfr_{'n_jobs': -1}"
}