{
    "total_pipeline_operations": [
        "scaling",
        "ransac_non_lin_reg",
        "ridge"
    ],
    "depth": 3,
    "nodes": [
        {
            "operation_id": 2,
            "operation_type": "scaling",
            "operation_name": "ScalingImplementation",
            "custom_params": {},
            "params": {},
            "nodes_from": [],
            "fitted_operation_path": [
                "fitted_operations",
                "operation_2.pkl"
            ],
            "rating": null
        },
        {
            "operation_id": 1,
            "operation_type": "ransac_non_lin_reg",
            "operation_name": "NonLinearRegRANSACImplementation",
            "custom_params": {
                "min_samples": 0.4,
                "residual_threshold": 10240,
                "max_trials": 100,
                "max_skips": 1000
            },
            "params": {
                "min_samples": 0.4,
                "residual_threshold": 10240,
                "max_trials": 100,
                "max_skips": 1000
            },
            "nodes_from": [
                2
            ],
            "fitted_operation_path": [
                "fitted_operations",
                "operation_1.pkl"
            ],
            "rating": null
        },
        {
            "operation_id": 0,
            "operation_type": "ridge",
            "operation_name": "Ridge",
            "custom_params": {
                "alpha": 4.248165982601363
            },
            "params": {
                "alpha": 4.248165982601363
            },
            "nodes_from": [
                1
            ],
            "fitted_operation_path": [
                "fitted_operations",
                "operation_0.pkl"
            ],
            "rating": null
        }
    ],
    "preprocessing": [
        "preprocessing",
        "data_preprocessor.pkl"
    ],
    "descriptive_id": "((/n_scaling;)/n_ransac_non_lin_reg_{'min_samples': 0.4, 'residual_threshold': 10240, 'max_trials': 100, 'max_skips': 1000};)/n_ridge_{'alpha': 4.248165982601363}"
}