{
    "total_pipeline_operations": [
        "ransac_lin_reg",
        "normalization",
        "pca",
        "scaling",
        "rfr"
    ],
    "depth": 3,
    "nodes": [
        {
            "operation_id": 2,
            "operation_type": "ransac_lin_reg",
            "operation_name": "LinearRegRANSACImplementation",
            "custom_params": {
                "min_samples": 0.4,
                "residual_threshold": 10,
                "max_trials": 100,
                "max_skips": 1000
            },
            "params": {
                "min_samples": 0.4,
                "residual_threshold": 10,
                "max_trials": 100,
                "max_skips": 1000
            },
            "nodes_from": [],
            "fitted_operation_path": [
                "fitted_operations",
                "operation_2.pkl"
            ],
            "rating": null
        },
        {
            "operation_id": 3,
            "operation_type": "normalization",
            "operation_name": "NormalizationImplementation",
            "custom_params": {},
            "params": {},
            "nodes_from": [],
            "fitted_operation_path": [
                "fitted_operations",
                "operation_3.pkl"
            ],
            "rating": null
        },
        {
            "operation_id": 4,
            "operation_type": "pca",
            "operation_name": "PCAImplementation",
            "custom_params": {
                "svd_solver": "full",
                "n_components": 0.7
            },
            "params": {
                "svd_solver": "full",
                "n_components": 0.7
            },
            "nodes_from": [],
            "fitted_operation_path": [
                "fitted_operations",
                "operation_4.pkl"
            ],
            "rating": null
        },
        {
            "operation_id": 1,
            "operation_type": "scaling",
            "operation_name": "ScalingImplementation",
            "custom_params": {},
            "params": {},
            "nodes_from": [
                2,
                3,
                4
            ],
            "fitted_operation_path": [
                "fitted_operations",
                "operation_1.pkl"
            ],
            "rating": null
        },
        {
            "operation_id": 0,
            "operation_type": "rfr",
            "operation_name": "RandomForestRegressor",
            "custom_params": {
                "n_jobs": -1,
                "bootstrap": false,
                "max_features": 0.4034797636868875,
                "min_samples_leaf": 10,
                "min_samples_split": 20
            },
            "params": {
                "n_jobs": -1,
                "bootstrap": false,
                "max_features": 0.4034797636868875,
                "min_samples_leaf": 10,
                "min_samples_split": 20
            },
            "nodes_from": [
                1
            ],
            "fitted_operation_path": [
                "fitted_operations",
                "operation_0.pkl"
            ],
            "rating": null
        }
    ],
    "preprocessing": [
        "preprocessing",
        "data_preprocessor.pkl"
    ],
    "descriptive_id": "((/n_normalization;;/n_pca_{'svd_solver': 'full', 'n_components': 0.7};;/n_ransac_lin_reg_{'min_samples': 0.4, 'residual_threshold': 10, 'max_trials': 100, 'max_skips': 1000};)/n_scaling;)/n_rfr_{'n_jobs': -1, 'bootstrap': False, 'max_features': 0.4034797636868875, 'min_samples_leaf': 10, 'min_samples_split': 20}"
}